z_angstrom,cp2k_v_hartree_raw_hartree,conventional_electrostatic_potential_hartree,conventional_electrostatic_potential_ev
0.0000000000,-1.280164640000e-01,1.280164640000e-01,3.483505447750e+00
0.1658166207,-1.233808160000e-01,1.233808160000e-01,3.357363039521e+00
0.3316332414,-1.052537080000e-01,1.052537080000e-01,2.864099302210e+00
0.4974498620,-7.076755280000e-02,7.076755280000e-02,1.925683212924e+00
0.6632664827,-1.731794880000e-02,1.731794880000e-02,4.712453937850e-01
0.8290831034,5.439642720000e-02,-5.439642720000e-02,-1.480202190941e+00
0.9948997241,1.358030600000e-01,-1.358030600000e-01,-3.695389519047e+00
1.1607163448,2.079251600000e-01,-2.079251600000e-01,-5.657931839019e+00
1.3265329655,2.466913720000e-01,-2.466913720000e-01,-6.712814207045e+00
1.4923495861,2.364710280000e-01,-2.364710280000e-01,-6.434704478894e+00
1.6581662068,1.811994520000e-01,-1.811994520000e-01,-4.930688275933e+00
1.8239828275,1.015897000000e-01,-1.015897000000e-01,-2.764396565314e+00
1.9897994482,2.137891360000e-02,-2.137891360000e-02,-5.817498754892e-01
2.1556160689,-4.407111840000e-02,4.407111840000e-02,1.199236225075e+00
2.3214326895,-8.975398040000e-02,8.975398040000e-02,2.442330227779e+00
2.4872493102,-1.169535680000e-01,1.169535680000e-01,3.182468711694e+00
2.6530659309,-1.288126840000e-01,1.288126840000e-01,3.505171697706e+00
2.8188825516,-1.278677080000e-01,1.278677080000e-01,3.479457590777e+00
2.9846991723,-1.151519960000e-01,1.151519960000e-01,3.133445440152e+00
3.1505157930,-9.005489760000e-02,9.005489760000e-02,2.450518601936e+00
3.3163324136,-5.112738960000e-02,5.112738960000e-02,1.391247146155e+00
3.4821490343,6.731599546273e-04,-6.731599546273e-04,-1.831761553070e-02
3.6479656550,5.827649360000e-02,-5.827649360000e-02,-1.585784176411e+00
3.8137822757,1.143624000000e-01,-1.143624000000e-01,-3.111959438418e+00
3.9795988964,1.537216680000e-01,-1.537216680000e-01,-4.182979682326e+00
4.1454155171,1.582511920000e-01,-1.582511920000e-01,-4.306234309400e+00
4.3112321377,1.503792280000e-01,-1.503792280000e-01,-4.092027256481e+00
4.4770487584,1.481050200000e-01,-1.481050200000e-01,-4.030142904190e+00
4.6428653791,1.558861000000e-01,-1.558861000000e-01,-4.241876877481e+00
4.8086819998,1.703027800000e-01,-1.703027800000e-01,-4.634174725346e+00
4.9744986205,1.770556520000e-01,-1.770556520000e-01,-4.817929733607e+00
5.1403152411,1.629578040000e-01,-1.629578040000e-01,-4.434307746442e+00
5.3061318618,1.265255960000e-01,-1.265255960000e-01,-3.442936862760e+00
5.4719484825,7.770158160000e-02,-7.770158160000e-02,-2.114367748842e+00
5.6377651032,2.957631760000e-02,-2.957631760000e-02,-8.048126019476e-01
5.8035817239,-9.049236347040e-03,9.049236347040e-03,2.462422654705e-01
5.9693983446,-3.539460320000e-02,3.539460320000e-02,9.631362186987e-01
6.1352149652,-5.049444960000e-02,5.049444960000e-02,1.374023971344e+00
6.3010315859,-5.654395720000e-02,5.654395720000e-02,1.538639459246e+00
6.4668482066,-5.535113600000e-02,5.535113600000e-02,1.506181140850e+00
6.6326648273,-4.774274400000e-02,4.774274400000e-02,1.299146247427e+00
6.7984814480,-3.340910492000e-02,3.340910492000e-02,9.091080581109e-01
6.9642980686,-1.101434778901e-02,1.101434778901e-02,2.997156719343e-01
7.1301146893,2.111850480000e-02,-2.111850480000e-02,-5.746637910506e-01
7.2959313100,6.316506880000e-02,-6.316506880000e-02,-1.718809084371e+00
7.4617479307,1.108839348000e-01,-1.108839348000e-01,-3.017305578318e+00
7.6275645514,1.538143896000e-01,-1.538143896000e-01,-4.185502765596e+00
7.7933811721,1.782551651700e-01,-1.782551651700e-01,-4.850570149783e+00
7.9591977927,1.753431634800e-01,-1.753431634800e-01,-4.771330547048e+00
8.1250144134,1.474921172000e-01,-1.474921172000e-01,-4.013464969368e+00
8.2908310341,1.052571031600e-01,-1.052571031600e-01,-2.864191689221e+00
8.4566476548,5.592250256400e-02,-5.592250256400e-02,-1.521728817111e+00
8.6224642755,-1.369642200000e-03,1.369642200000e-03,3.726986292300e-02
8.7882808961,-6.002507952000e-02,6.002507952000e-02,1.633365623265e+00
8.9540975168,-1.099746859600e-01,1.099746859600e-01,2.992563656939e+00
9.1199141375,-1.347372748800e-01,1.347372748800e-01,3.666388028492e+00
9.2857307582,-1.198711173240e-01,1.198711173240e-01,3.261859273242e+00
9.4515473789,-9.073723149600e-02,9.073723149600e-02,2.469085853129e+00
9.6173639996,-6.516011274400e-02,6.516011274400e-02,1.773096995709e+00
9.7831806202,-4.430616604800e-02,4.430616604800e-02,1.205632197411e+00
9.9489972409,-2.710107716800e-02,2.710107716800e-02,7.374578785008e-01
10.1148138616,-1.321385364840e-02,1.321385364840e-02,3.595672754246e-01
10.2806304823,-3.310339608000e-03,3.310339608000e-03,9.007892967868e-02
10.4464471030,8.469653920000e-04,-8.469653920000e-04,-2.304710241870e-02
10.6122637237,-3.578931406400e-03,3.578931406400e-03,9.738768484745e-02
10.7780803443,-2.045413465600e-02,2.045413465600e-02,5.565853584519e-01
10.9438969650,-5.433408451440e-02,5.433408451440e-02,1.478505760043e+00
11.1097135857,-1.090762981260e-01,1.090762981260e-01,2.968117278589e+00
11.2755302064,-1.845926394744e-01,1.845926394744e-01,5.023021610905e+00
11.4413468271,-2.724219038256e-01,2.724219038256e-01,7.412977646866e+00
11.6071634477,-3.542122356560e-01,3.542122356560e-01,9.638605957490e+00
11.7729800684,-4.086841827800e-01,4.086841827800e-01,1.112086315025e+01
11.9387966891,-4.259676549924e-01,4.259676549924e-01,1.159117038830e+01
12.1046133098,-4.170588532160e-01,4.170588532160e-01,1.134874954217e+01
12.2704299305,-4.066289395600e-01,4.066289395600e-01,1.106493713316e+01
12.4362465512,-4.119479429080e-01,4.119479429080e-01,1.120967458771e+01
12.6020631718,-4.206420255780e-01,4.206420255780e-01,1.144625262930e+01
12.7678797925,-3.955626545696e-01,3.955626545696e-01,1.076380817798e+01
12.9336964132,-3.188862079332e-01,3.188862079332e-01,8.677335772589e+00
13.0995130339,-2.140942089892e-01,2.140942089892e-01,5.825800213834e+00
13.2653296546,-1.162061721928e-01,1.162061721928e-01,3.162131035706e+00
13.4311462752,-4.047029146400e-02,4.047029146400e-02,1.101252732515e+00
13.5969628959,1.317531734200e-02,-1.317531734200e-02,-3.585186491066e-01
13.7627795166,4.914980176220e-02,-4.914980176220e-02,-1.337434239665e+00
13.9285961373,7.134408082800e-02,-7.134408082800e-02,-1.941371339776e+00
14.0944127580,8.173807278640e-02,-8.173807278640e-02,-2.224206269593e+00
14.2602293787,8.045997451200e-02,-8.045997451200e-02,-2.189427443788e+00
14.4260459993,6.606823045600e-02,-6.606823045600e-02,-1.797808137527e+00
14.5918626200,3.582594644800e-02,-3.582594644800e-02,-9.748736664246e-01
14.7576792407,-1.356776225200e-02,1.356776225200e-02,3.691976191329e-01
14.9234958614,-8.388601808040e-02,8.388601808040e-02,2.282654838624e+00
15.0893124821,-1.714126321940e-01,1.714126321940e-01,4.664375342072e+00
15.2551291027,-2.630400283192e-01,2.630400283192e-01,7.157683808749e+00
15.4209457234,-3.378082411190e-01,3.378082411190e-01,9.192230526168e+00
15.5867623441,-3.778068876836e-01,3.778068876836e-01,1.028064914715e+01
15.7525789648,-3.822289003040e-01,3.822289003040e-01,1.040097824055e+01
15.9183955855,-3.702255360704e-01,3.702255360704e-01,1.007435006014e+01
16.0842122062,-3.664219803400e-01,3.664219803400e-01,9.970850036052e+00
16.2500288268,-3.772737596404e-01,3.772737596404e-01,1.026614199405e+01
16.4158454475,-3.759834539280e-01,3.759834539280e-01,1.023103098694e+01
16.5816620682,-3.280224428292e-01,3.280224428292e-01,8.925945389178e+00
16.7474786889,-2.342910740280e-01,2.342910740280e-01,6.375384909363e+00
16.9132953096,-1.288960985840e-01,1.288960985840e-01,3.507441524170e+00
17.0791119302,-3.970579063280e-02,3.970579063280e-02,1.080449605111e+00
17.2449285509,2.641482034800e-02,-2.641482034800e-02,-7.187838791078e-01
17.4107451716,7.242695108800e-02,-7.242695108800e-02,-1.970837740675e+00
17.5765617923,1.029128135600e-01,-1.029128135600e-01,-2.800400319443e+00
17.7423784130,1.210370390640e-01,-1.210370390640e-01,-3.293585620041e+00
17.9081950337,1.280165006520e-01,-1.280165006520e-01,-3.483506445101e+00
18.0740116543,1.233807040984e-01,-1.233807040984e-01,-3.357359994524e+00
18.2398282750,1.052537147900e-01,-1.052537147900e-01,-2.864099486976e+00
18.4056448957,7.076765012548e-02,-7.076765012548e-02,-1.925685861285e+00
18.5714615164,1.731788042000e-02,-1.731788042000e-02,-4.712435330705e-01
18.7372781371,-5.439648587600e-02,5.439648587600e-02,1.480203787596e+00
18.9030947578,-1.358032102868e-01,1.358032102868e-01,3.695393608559e+00
19.0689113784,-2.079250707892e-01,2.079250707892e-01,5.657929411469e+00
19.2347279991,-2.466914895200e-01,2.466914895200e-01,6.712817404927e+00
19.4005446198,-2.364713664080e-01,2.364713664080e-01,6.434713687445e+00
19.5663612405,-1.811993636760e-01,1.811993636760e-01,4.930685872515e+00
19.7321778612,-1.015897684240e-01,1.015897684240e-01,2.764398427226e+00
19.8979944818,-2.137882825000e-02,2.137882825000e-02,5.817475529974e-01
20.0638111025,4.407103557600e-02,-4.407103557600e-02,-1.199233971319e+00
20.2296277232,8.975402115600e-02,-8.975402115600e-02,-2.442331336806e+00
20.3954443439,1.169535558820e-01,-1.169535558820e-01,-3.182468381947e+00
20.5612609646,1.288126087433e-01,-1.288126087433e-01,-3.505169649868e+00
20.7270775853,1.278675759840e-01,-1.278675759840e-01,-3.479453998439e+00
20.8928942059,1.151520977280e-01,-1.151520977280e-01,-3.133448208312e+00
21.0587108266,9.005492801520e-02,-9.005492801520e-02,-2.450519429576e+00
21.2245274473,5.112733886000e-02,-5.112733886000e-02,-1.391245765449e+00
21.3903440680,-6.732139560000e-04,6.732139560000e-04,1.831908498291e-02
21.5561606887,-5.827637154840e-02,5.827637154840e-02,1.585780855218e+00
21.7219773093,-1.143635450236e-01,1.143635450236e-01,3.111990596098e+00
21.8877939300,-1.537255914720e-01,1.537255914720e-01,4.183086445438e+00
22.0536105507,-1.582570668560e-01,1.582570668560e-01,4.306394172376e+00
22.2194271714,-1.503811457800e-01,1.503811457800e-01,4.092079441934e+00
22.3852437921,-1.481052524432e-01,1.481052524432e-01,4.030149229291e+00
22.5510604128,-1.558856991760e-01,1.558856991760e-01,4.241865970504e+00
22.7168770334,-1.703026505184e-01,1.703026505184e-01,4.634171201972e+00
22.8826936541,-1.770555468872e-01,1.770555468872e-01,4.817926873342e+00
23.0485102748,-1.629579298932e-01,1.629579298932e-01,4.434311172170e+00
23.2143268955,-1.265256984400e-01,1.265256984400e-01,3.442939650294e+00
23.3801435162,-7.770132138800e-02,7.770132138800e-02,2.114360668113e+00
23.5459601368,-2.957644629560e-02,2.957644629560e-02,8.048161039333e-01
23.7117767575,9.049278240800e-03,-9.049278240800e-03,-2.462434054578e-01
23.8775933782,3.539460676360e-02,-3.539460676360e-02,-9.631363156692e-01
24.0434099989,5.049445277600e-02,-5.049445277600e-02,-1.374024057768e+00
24.2092266196,5.654397045200e-02,-5.654397045200e-02,-1.538639819851e+00
24.3750432403,5.535117659040e-02,-5.535117659040e-02,-1.506182245371e+00
24.5408598609,4.774275269640e-02,-4.774275269640e-02,-1.299146484068e+00
24.7066764816,3.340911970400e-02,-3.340911970400e-02,-9.091084604040e-01
24.8724931023,1.101432542400e-02,-1.101432542400e-02,-2.997150633515e-01
25.0383097230,-2.111857558000e-02,2.111857558000e-02,5.746657170725e-01
25.2041263437,-6.316521739360e-02,6.316521739360e-02,1.718813127809e+00
25.3699429644,-1.108836691744e-01,1.108836691744e-01,3.017298350277e+00
25.5357595850,-1.538143556815e-01,1.538143556815e-01,4.185501842627e+00
25.7015762057,-1.782552806644e-01,1.782552806644e-01,4.850573292546e+00
25.8673928264,-1.753430518680e-01,1.753430518680e-01,4.771327509930e+00
26.0332094471,-1.474920044760e-01,1.474920044760e-01,4.013461901991e+00
26.1990260678,-1.052573915200e-01,1.052573915200e-01,2.864199535896e+00
26.3648426884,-5.592235943200e-02,5.592235943200e-02,1.521724922291e+00
26.5306593091,1.369180412000e-03,-1.369180412000e-03,-3.725729703137e-02
26.6964759298,6.001921592000e-02,-6.001921592000e-02,-1.633206066580e+00
26.8622925505,1.099704155600e-01,-1.099704155600e-01,-2.992447453435e+00
27.0281091712,1.347395795600e-01,-1.347395795600e-01,-3.666450742029e+00
27.1939257919,1.198715181612e-01,-1.198715181612e-01,-3.261870180577e+00
27.3597424125,9.073714050000e-02,-9.073714050000e-02,-2.469083377002e+00
27.5255590332,6.516006917600e-02,-6.516006917600e-02,-1.773095810163e+00
27.6913756539,4.430621753600e-02,-4.430621753600e-02,-1.205633598471e+00
27.8571922746,2.710107468560e-02,-2.710107468560e-02,-7.374578109512e-01
28.0230088953,1.321386970284e-02,-1.321386970284e-02,-3.595677122881e-01
28.1888255159,3.310337757600e-03,-3.310337757600e-03,-9.007887932673e-02
28.3546421366,-8.469344381200e-04,8.469344381200e-04,2.304626012071e-02
28.5204587573,3.578957390600e-03,-3.578957390600e-03,-9.738839191355e-02
28.6862753780,2.045417804252e-02,-2.045417804252e-02,-5.565865390592e-01
28.8520919987,5.433408920000e-02,-5.433408920000e-02,-1.478505887545e+00
29.0179086194,1.090765672000e-01,-1.090765672000e-01,-2.968124600466e+00
29.1837252400,1.845929680000e-01,-1.845929680000e-01,-5.023030550541e+00
29.3495418607,2.724215080000e-01,-2.724215080000e-01,-7.412966875903e+00
29.5153584814,3.542117520000e-01,-3.542117520000e-01,-9.638592796540e+00
29.6811751021,4.086841200000e-01,-4.086841200000e-01,-1.112086144192e+01
29.8469917228,4.259678760000e-01,-4.259678760000e-01,-1.159117640222e+01
30.0128083434,4.170588400000e-01,-4.170588400000e-01,-1.134874918254e+01
30.1786249641,4.066290920000e-01,-4.066290920000e-01,-1.106494128127e+01
30.3444415848,4.119479480000e-01,-4.119479480000e-01,-1.120967472627e+01
30.5102582055,4.206417080000e-01,-4.206417080000e-01,-1.144624398756e+01
30.6760748262,3.955626240000e-01,-3.955626240000e-01,-1.076380734614e+01
30.8418914469,3.188862640000e-01,-3.188862640000e-01,-8.677337298244e+00
31.0077080675,2.140941320000e-01,-2.140941320000e-01,-5.825798118852e+00
31.1735246882,1.162064116000e-01,-1.162064116000e-01,-3.162137550308e+00
31.3393413089,4.047010720000e-02,-4.047010720000e-02,-1.101247718436e+00
31.5051579296,-1.317532674800e-02,1.317532674800e-02,3.585189050569e-01
31.6709745503,-4.914986720000e-02,4.914986720000e-02,1.337436020318e+00
31.8367911710,-7.134402880000e-02,7.134402880000e-02,1.941369924022e+00
32.0026077916,-8.173809200000e-02,8.173809200000e-02,2.224206792422e+00
32.1684244123,-8.046003440000e-02,8.046003440000e-02,2.189429073424e+00
32.3342410330,-6.606819040000e-02,6.606819040000e-02,1.797807047548e+00
32.5000576537,-3.582594360000e-02,3.582594360000e-02,9.748735889266e-01
32.6658742744,1.356774368000e-02,-1.356774368000e-02,-3.691971137630e-01
32.8316908950,8.388607480000e-02,-8.388607480000e-02,-2.282656382043e+00
32.9975075157,1.714124080000e-01,-1.714124080000e-01,-4.664369241443e+00
33.1633241364,2.630400920000e-01,-2.630400920000e-01,-7.157685541592e+00
33.3291407571,3.378084600000e-01,-3.378084600000e-01,-9.192236482222e+00
33.4949573778,3.778069600000e-01,-3.778069600000e-01,-1.028065111498e+01
33.6607739985,3.822288080000e-01,-3.822288080000e-01,-1.040097572883e+01
33.8265906191,3.702257080000e-01,-3.702257080000e-01,-1.007435473858e+01
33.9924072398,3.664218480000e-01,-3.664218480000e-01,-9.970846434897e+00
34.1582238605,3.772738520000e-01,-3.772738520000e-01,-1.026614450728e+01
34.3240404812,3.759835320000e-01,-3.759835320000e-01,-1.023103311138e+01
34.4898571019,3.280224480000e-01,-3.280224480000e-01,-8.925945529883e+00
34.6556737225,2.342908840000e-01,-2.342908840000e-01,-6.375379738438e+00
34.8214903432,1.288960720000e-01,-1.288960720000e-01,-3.507440800783e+00
34.9873069639,3.970572520000e-02,-3.970572520000e-02,-1.080447824594e+00
35.1531235846,-2.641481240000e-02,2.641481240000e-02,7.187836628317e-01
35.3189402053,-7.242701280000e-02,7.242701280000e-02,1.970839419944e+00
35.4847568260,-1.029128520000e-01,1.029128520000e-01,2.800401365448e+00
35.6505734466,-1.210371800000e-01,1.210371800000e-01,3.293589455105e+00
